{
    "loss": 21.23668670654297,
    "accuracy": 0.48201438784599304
}