{
    "loss": 9.467432975769043,
    "accuracy": 0.5107913613319397
}